video_id,platform,post_date,post_time,caption,hook_text,hook_type,topic,format,video_length_seconds,editing_time_minutes,views,likes,comments,shares,saves,followers_gained,revenue,notes,total_engagement_rate,engagement_rate,save_rate,share_rate,follower_conversion_rate,views_per_minute,engagement_per_minute,day_of_week,month,is_weekend,length_bucket
1,TikTok,2026-05-01,18:00,Best AI Tool This Week,This AI feels illegal,Shocking Fact,AI,Review,22,45,48200,3100,240,620,430,210,0,High performer,4390,0.09107883817427385,0.00892116182572614,0.012863070539419087,0.004356846473029046,1071.111111111111,97.55555555555556,Friday,May,False,15-30 sec
2,Instagram Reels,2026-05-02,12:00,Study Hack for Finals,Stop studying like this,Mistake,Study Tips,Tutorial,28,30,19500,1400,110,180,220,70,0,Strong engagement,1910,0.09794871794871794,0.011282051282051283,0.009230769230769232,0.0035897435897435897,650.0,63.666666666666664,Saturday,May,True,15-30 sec
3,YouTube Shorts,2026-05-03,15:00,Python in 60 Seconds,Learn Python fast,Tutorial Hook,Coding,Tutorial,55,60,32000,2200,160,260,340,120,0,Consistent performer,2960,0.0925,0.010625,0.008125,0.00375,533.3333333333334,49.333333333333336,Sunday,May,True,31-60 sec
4,TikTok,2026-05-04,20:00,Why Most Startups Fail,Nobody talks about this,Hot Take,Business,Storytelling,45,50,15100,820,75,90,100,45,0,Average,1085,0.07185430463576159,0.006622516556291391,0.005960264900662252,0.002980132450331126,302.0,21.7,Monday,May,False,31-60 sec
5,TikTok,2026-05-05,17:00,Best Productivity App,This changed my workflow,Story Hook,Productivity,Review,24,35,40200,2600,180,450,390,180,0,High performer,3620,0.09004975124378109,0.009701492537313432,0.011194029850746268,0.004477611940298508,1148.5714285714287,103.42857142857143,Tuesday,May,False,15-30 sec
6,Instagram Reels,2026-05-06,11:00,Marketing Strategy Explained,Here's the secret,Question,Marketing,Case Study,60,70,12800,620,44,70,60,30,0,Average,794,0.06203125,0.0046875,0.00546875,0.00234375,182.85714285714286,11.342857142857143,Wednesday,May,False,31-60 sec
7,YouTube Shorts,2026-05-07,14:00,Tech News Recap,You missed this,Shocking Fact,Tech News,Listicle,40,25,22400,1300,95,140,150,60,0,Good,1685,0.07522321428571428,0.006696428571428571,0.00625,0.0026785714285714286,896.0,67.4,Thursday,May,False,31-60 sec
8,TikTok,2026-05-08,19:00,Finance Tip Everyone Needs,Do this before 25,Problem Solution,Finance,Tutorial,20,20,61300,4200,310,820,670,350,0,Top performer,6000,0.09787928221859707,0.010929853181076673,0.013376835236541599,0.005709624796084829,3065.0,300.0,Friday,May,False,15-30 sec
9,Instagram Reels,2026-05-09,13:00,Career Advice,My biggest career mistake,Mistake,Career,Storytelling,34,40,18200,920,60,95,110,40,0,Average,1185,0.06510989010989011,0.006043956043956044,0.0052197802197802195,0.002197802197802198,455.0,29.625,Saturday,May,True,31-60 sec
10,YouTube Shorts,2026-05-10,10:00,AI Business Idea,Steal this business idea,Hot Take,AI,Case Study,58,80,28100,1900,170,260,280,115,0,Good,2610,0.09288256227758007,0.0099644128113879,0.009252669039145907,0.004092526690391459,351.25,32.625,Sunday,May,True,31-60 sec
11,TikTok,2026-05-11,18:00,SQL Tip #1,Learn this SQL trick,Tutorial Hook,Coding,Tutorial,18,15,37100,2500,150,340,420,160,0,Strong,3410,0.09191374663072777,0.011320754716981131,0.009164420485175202,0.00431266846361186,2473.3333333333335,227.33333333333334,Monday,May,False,15-30 sec
12,Instagram Reels,2026-05-12,16:00,Morning Routine,My 5 minute routine,Story Hook,Lifestyle,Demo,30,20,10200,610,42,50,65,25,0,Average,767,0.07519607843137255,0.006372549019607843,0.004901960784313725,0.0024509803921568627,510.0,38.35,Tuesday,May,False,15-30 sec
13,YouTube Shorts,2026-05-13,14:00,AI vs Humans,Will AI replace you?,Question,AI,Reaction,50,45,29100,1700,150,240,230,100,0,Good,2320,0.07972508591065292,0.007903780068728522,0.008247422680412371,0.003436426116838488,646.6666666666666,51.55555555555556,Wednesday,May,False,31-60 sec
14,TikTok,2026-05-14,21:00,Best Business Book,This book made me money,Story Hook,Business,Review,35,25,16400,840,72,90,110,42,0,Average,1112,0.06780487804878049,0.006707317073170732,0.00548780487804878,0.0025609756097560977,656.0,44.48,Thursday,May,False,31-60 sec
15,Instagram Reels,2026-05-15,12:00,Coding Project Idea,Build this project,Tutorial Hook,Coding,Case Study,60,120,25700,1800,140,220,260,105,0,Good,2420,0.09416342412451362,0.010116731517509728,0.008560311284046693,0.004085603112840467,214.16666666666666,20.166666666666668,Friday,May,False,31-60 sec
16,YouTube Shorts,2026-05-16,17:00,Productivity Myth,Stop doing this daily,Mistake,Productivity,Reaction,25,15,20800,1200,90,130,150,55,0,Good,1570,0.07548076923076923,0.007211538461538462,0.00625,0.0026442307692307694,1386.6666666666667,104.66666666666667,Saturday,May,True,15-30 sec
17,TikTok,2026-05-17,19:00,Marketing Breakdown,Here's why it worked,Problem Solution,Marketing,Case Study,42,50,30100,2100,170,290,320,130,0,Good,2880,0.09568106312292358,0.0106312292358804,0.009634551495016611,0.004318936877076412,602.0,57.6,Sunday,May,True,31-60 sec
18,Instagram Reels,2026-05-18,11:00,Tech Gadget Review,Is it worth it?,Question,Tech News,Review,30,40,11200,620,55,70,80,35,0,Average,825,0.07366071428571429,0.007142857142857143,0.00625,0.003125,280.0,20.625,Monday,May,False,15-30 sec
19,YouTube Shorts,2026-05-19,15:00,Study Faster,The science says this,Shocking Fact,Study Tips,Tutorial,45,35,34300,2300,190,350,390,175,0,Strong,3230,0.09416909620991254,0.011370262390670554,0.01020408163265306,0.00510204081632653,980.0,92.28571428571429,Tuesday,May,False,31-60 sec
20,TikTok,2026-05-20,20:00,Career Growth,Nobody tells you this,Hot Take,Career,Storytelling,40,35,14300,700,55,60,80,30,0,Average,895,0.06258741258741259,0.005594405594405594,0.004195804195804196,0.002097902097902098,408.57142857142856,25.571428571428573,Wednesday,May,False,31-60 sec
21,TikTok,2026-05-21,18:00,AI Automation Demo,Watch this happen live,Story Hook,AI,Demo,26,45,52100,3600,280,710,520,260,0,Excellent,5110,0.09808061420345489,0.009980806142034549,0.01362763915547025,0.0049904030710172746,1157.7777777777778,113.55555555555556,Thursday,May,False,15-30 sec
22,Instagram Reels,2026-05-22,13:00,Excel Shortcut,This saves hours,Tutorial Hook,Productivity,Tutorial,18,10,26800,1800,140,240,270,110,0,Strong,2450,0.0914179104477612,0.010074626865671642,0.008955223880597015,0.004104477611940298,2680.0,245.0,Friday,May,False,15-30 sec
23,YouTube Shorts,2026-05-23,16:00,Finance Breakdown,Most people get this wrong,Mistake,Finance,Case Study,52,60,23500,1400,120,190,210,90,0,Good,1920,0.08170212765957446,0.008936170212765958,0.008085106382978723,0.003829787234042553,391.6666666666667,32.0,Saturday,May,True,31-60 sec
24,TikTok,2026-05-24,19:00,Startup Lessons,Learn from this failure,Story Hook,Business,Storytelling,58,65,18900,1100,90,120,140,55,0,Average,1450,0.07671957671957672,0.007407407407407408,0.006349206349206349,0.00291005291005291,290.7692307692308,22.307692307692307,Sunday,May,True,31-60 sec
25,Instagram Reels,2026-05-25,12:00,Coding Workflow,My developer setup,Story Hook,Coding,Demo,32,50,21100,1450,110,180,200,75,0,Good,1940,0.09194312796208531,0.009478672985781991,0.008530805687203791,0.0035545023696682463,422.0,38.8,Monday,May,False,31-60 sec
26,YouTube Shorts,2026-05-26,15:00,Tech Trends,This will explode soon,Hot Take,Tech News,Listicle,28,20,30500,2000,170,300,280,120,0,Strong,2750,0.09016393442622951,0.009180327868852459,0.009836065573770493,0.003934426229508197,1525.0,137.5,Tuesday,May,False,15-30 sec
27,TikTok,2026-05-27,18:00,AI Side Hustle,Try this today,Problem Solution,AI,Challenge,30,35,45800,3100,250,560,470,220,0,Excellent,4380,0.09563318777292576,0.010262008733624454,0.01222707423580786,0.00480349344978166,1308.5714285714287,125.14285714285714,Wednesday,May,False,15-30 sec
28,Instagram Reels,2026-05-28,14:00,Study Routine,My exam strategy,Story Hook,Study Tips,Storytelling,40,30,13600,820,60,85,95,38,0,Average,1060,0.07794117647058824,0.006985294117647059,0.00625,0.0027941176470588237,453.3333333333333,35.333333333333336,Thursday,May,False,31-60 sec
29,YouTube Shorts,2026-05-29,17:00,Marketing Examples,Great campaign breakdown,Case Study,Marketing,Case Study,55,70,24800,1650,130,220,250,95,0,Good,2250,0.0907258064516129,0.010080645161290322,0.008870967741935484,0.0038306451612903224,354.2857142857143,32.142857142857146,Friday,May,False,31-60 sec
30,TikTok,2026-05-30,20:00,Data Analyst Skills,Learn these skills first,Tutorial Hook,Career,Tutorial,36,25,38900,2700,210,420,390,180,0,Strong,3720,0.09562982005141388,0.010025706940874035,0.010796915167095116,0.004627249357326478,1556.0,148.8,Saturday,May,True,31-60 sec
